<?xml version="1.0" encoding="UTF-8"?>
<metadata xml:lang="en"><Esri><CreaDate>20200504</CreaDate><CreaTime>13251800</CreaTime><ArcGISFormat>1.0</ArcGISFormat><SyncOnce>TRUE</SyncOnce><DataProperties><lineage><Process ToolSource="c:\program files (x86)\arcgis\desktop10.7\ArcToolbox\Toolboxes\Data Management Tools.tbx\CalculateField" Date="20200504" Time="132518">CalculateField arg_admbndl_ALL_unhcr2017 AdmLevel 99 VB #</Process><Process ToolSource="c:\program files (x86)\arcgis\desktop10.7\ArcToolbox\Toolboxes\Data Management Tools.tbx\CalculateField" Date="20200504" Time="132855">CalculateField arg_admbndl_ALL_unhcr2017 AdmLevel 99 VB #</Process><Process ToolSource="c:\program files (x86)\arcgis\desktop10.7\ArcToolbox\Toolboxes\Data Management Tools.tbx\CalculateField" Date="20200504" Time="133339">CalculateField arg_admbndl_ALL_unhcr2017 AdmLevel 99 VB #</Process><Process ToolSource="c:\program files (x86)\arcgis\desktop10.7\ArcToolbox\Toolboxes\Data Management Tools.tbx\CalculateField" Date="20200504" Time="133749">CalculateField arg_admbndl_ALL_unhcr2017 AdmLevel 0 VB #</Process><Process ToolSource="c:\program files (x86)\arcgis\desktop10.7\ArcToolbox\Toolboxes\Data Management Tools.tbx\CalculateField" Date="20200504" Time="133810">CalculateField arg_admbndl_ALL_unhcr2017 AdmLevel 99 VB #</Process><Process ToolSource="c:\program files (x86)\arcgis\desktop10.7\ArcToolbox\Toolboxes\Data Management Tools.tbx\CalculateField" Date="20200504" Time="133823">CalculateField arg_admbndl_ALL_unhcr2017 AdmLevel 99 VB #</Process><Process ToolSource="c:\program files (x86)\arcgis\desktop10.7\ArcToolbox\Toolboxes\Data Management Tools.tbx\CalculateField" Date="20200504" Time="133922">CalculateField arg_admbndl_ALL_unhcr2017 AdmLevel 1 VB #</Process><Process ToolSource="c:\program files (x86)\arcgis\desktop10.7\ArcToolbox\Toolboxes\Data Management Tools.tbx\CalculateField" Date="20200504" Time="134015">CalculateField arg_admbndl_ALL_unhcr2017 AdmLevel 2 VB #</Process><Process ToolSource="c:\program files (x86)\arcgis\desktop10.7\ArcToolbox\Toolboxes\Data Management Tools.tbx\CalculateField" Date="20200504" Time="134148">CalculateField arg_admbndl_ALL_unhcr2017 AdmLevel 99 VB #</Process><Process ToolSource="c:\program files (x86)\arcgis\desktop10.7\ArcToolbox\Toolboxes\Data Management Tools.tbx\CalculateField" Date="20200504" Time="134208">CalculateField arg_admbndl_ALL_unhcr2017 AdmLevel 99 VB #</Process><Process ToolSource="c:\program files (x86)\arcgis\desktop10.7\ArcToolbox\Toolboxes\Data Management Tools.tbx\CalculateField" Date="20200504" Time="134341">CalculateField arg_admbndl_ALL_unhcr2017 AdmLevel 99 VB #</Process></lineage></DataProperties></Esri></metadata>
